,reddit_id,score,num_comments,subreddit,author,article_url_l,snopes_url_l,article_url_r,snopes_url_r,pub_date,shares,accuracy,article_body,snopes_body
0,"7c50rc, ",1,1,"funny, ","grivina, ",http://247deportes.com/couple-hospitalized-after-man-get-his-head-stuck-in-his-wifes-vagina/,https://www.snopes.com/man-head-stuck-wife/,,,,,,,
0,"7im3sn, ",0,2,"worldpolitics, ","jogman308, ",http://americanlookout.com/lpn-roy-moore-accuser-admits-she-forged-yearbook/,https://www.snopes.com/moore-accuser-yearbook/,,,,,,,
0,"7h8hej, ",1,0,"fakenews, ","skysonfire, ",http://blackvines.us/bv-videos/they-open-the-first-restaurant-of-human-meat-in-the-world/,https://www.snopes.com/tokyo-human-meat-restaurant/,,,,,,,
0,"7kyui4, 7kyreu, ",2,0,"The_Patriot, ConservativeVideoNews, ","HmediaG, HmediaG, ",http://conservativevideonews.com/2017/12/20/full-show-un-announces-plan-to-bring-armed-peacekeepers-into-democrat-run-downtown-chicago/,https://www.snopes.com/will-un-peacekeepers-deployed-streets-chicago/,,,,,,,
0,"7l3yd3, 7l1oz7, 7l1g2x, ",2,54,"SwampDrained, freeworldnews, politics, ","cam94z28, BudRock56, DiddyLevine, ",http://dailycaller.com/2017/12/20/rosie-odonnell-offers-2-million-in-cash-to-any-gop-senators-who-kill-tax-reform/,https://www.snopes.com/did-odonnell-offer-bribes-to-senators/,,,,,,,
0,"7j5m8w, ",2,1,"Kekwork, ","brianbonner90, ",http://dailypostfeed.com/chuck-schumers-steamy-affair-with-a-high-school-cheerleader-confirmed/,https://www.snopes.com/schumer-daughter-cheerleader/,,,,,,,
0,"7jwa6r, 7ifyss, 7imhcu, 7iftz7, 7ihl08, 7il6q8, 7ih4m4, 7ig2x5, 7ig01w, 7ig8wr, 7ih04z, 7igjej, 7igth4, 7ig25d, 7ig00t, 7ihewl, 7ig9q1, 7ig9mh, 7ifxs9, 7ihloq, 7ifypx, 7ifxmj, 7ig2uy, ",19106,1597,"mistyfront, The_Donald, The_Donald, The_Donald, MGTOW, MensRights, metacanada, The_Donald, The_Donald, The_Donald, Politics_, WorldNewsRevenge, breitbart, trump, BreitbartNews, inthemorning, Trump_Conservative, ChristiansAwake2NWO, TheNewsFeed, u_panickedstinkcrusher, RoyMoore, alabamapolitics, conspiracy, ","ContentForager, WipedWithAcloth, moditha11, halfastman, TVTestPattern, theothermod, Madwack, FUCK_the_Clintons__, CaptnRobb82, DontTouchMyPepe, thekeeper228, J0kerr, dingoperson2, jamesgalb, AntiGenocider, thanosied, [deleted], [deleted], thefeedbot, panickedstinkcrusher, DEYoungRepublicans, AdmiralAlluahAkbar, FUCK_the_Clintons__, ",http://www.breitbart.com/big-government/2017/12/08/bombshell-roy-moore-accuser-admits-forged-yearbook/,https://www.snopes.com/moore-accuser-yearbook/,,,,,,,
0,"7l5z9m, 7l2ekp, 7l3abg, ",3,32,"Kekwork, TheNewsFeed, politics, ","brianbonner90, thefeedbot, NoTiredOfWinning, ",http://www.breitbart.com/big-hollywood/2017/12/20/rosie-odonnell-vows-give-jeff-flake-susan-collins-2-million-vote-gop-tax-cuts/,https://www.snopes.com/did-odonnell-offer-bribes-to-senators/,,,,,,,
0,"7lomzn, 7lk5c7, ",6,0,"BreitbartNews, TheNewsFeed, ","AntiGenocider, thefeedbot, ",http://www.breitbart.com/tech/2017/12/22/report-apple-sued-admitting-slowing-older-iphones/,https://www.snopes.com/harvard-study-apple-iphones-sales-slows/,,,,,,,
0,"7ik7t8, 7ii4mx, ",106,2,"The_Donald, TheNewsFeed, ","asiatrails, thefeedbot, ",http://www.breitbart.com/video/2017/12/08/limbaugh-roy-moore-yearbook-inscription-perp-admitted-forged/,https://www.snopes.com/moore-accuser-yearbook/,,,,,,,
0,"7gwjd4, ",1,1,"freeworldnews, ","johnknoefler, ",http://www.dailywire.com/news/24149/tragic-teen-who-wants-look-angelina-jolie-amanda-prestigiacomo,https://www.snopes.com/iranian-woman-angelina-jolie-plastic-surgery/,,,,,,,
0,"7itosq, 7ig4ig, 7ig9wi, 7igbxa, 7ig863, 7ig4d6, 7ih74r, 7ig8jq, 7ijkhj, 7igaoc, 7iggcz, 7igbn8, 7ihgy5, 7ig7l9, 7ig5n6, 7ih5qc, 7ig7l4, 7iifel, 7iggkf, 7ihmli, 7ig4ws, ",3428,245,"The_Donald, The_Donald, The_Donald, The_Donald, The_Donald, The_Donald, conspiracy, The_Donald, freeworldnews, AltRightChristian, Uncensored_News, AutoNewspaper, thenewsrightnow, FOXauto, News_Politics, BreakingNews24hr, u_Nonphobic, conservatives, Libertarian, Republican, politics, ","Prefix-NA, DidSantiagoSendYou, Gringo-Bandito, corekt_the_record, ella101, TheTitansWrath, tatertatertatertot, itsanoobsgame, BudRock56, Yesofcoursenaturally, Bert-Goldberg, AutoNewspaperAdmin, personaontherun, AutoNewsAdmin, Chemie555, KellyfromLeedsUK, Nonphobic, keypuncher, Bert-Goldberg, pitchesandthrows, klavierjerke, ",http://www.foxnews.com/politics/2017/12/08/roy-moore-accuser-admits-forged-part-yearbook-inscription-attributed-to-alabama-senate-candidate.html,https://www.snopes.com/moore-accuser-yearbook/,,,,,,,
0,"7ighx7, ",1,0,"WorldNewsRevenge, ","J0kerr, ",http://www.independentsentinel.com/roy-moore-accuser-admits-she-forged-part-of-yearbook-notation-who-was-in-on-it/,https://www.snopes.com/moore-accuser-yearbook/,,,,,,,
0,"7knrhe, ",0,2,"Conservative, ","Dunki, ",http://www.projectrepublictoday.com/2017/12/18/amtrak-crash-antifa-cause-train-crash-washington/,https://www.snopes.com/antifa-pour-concrete-on-tracks-causing-an-amtrak-train-to-derail/,,,,,,,
0,"7ig5mh, 7igcdh, 7ig93d, 7ig21h, ",5699,95,"The_Donald, The_Donald, The_Donald, TheBlogFeed, ","CedTruz, patriotofca, itsanoobsgame, thefeedbot, ",http://www.thegatewaypundit.com/2017/12/called-gloria-allred-accuser-admits-tampered-roy-moores-yearbook-signature-video/,https://www.snopes.com/moore-accuser-yearbook/,,,,,,,
0,"7l1z55, 7l286k, ",94,0,"The_Donald, TheBlogFeed, ","SevenPrivileges, thefeedbot, ",http://www.thegatewaypundit.com/2017/12/lock-rosie-odonnell-caught-bribing-gop-senators-millions-dollars-kill-tax-bill/,https://www.snopes.com/did-odonnell-offer-bribes-to-senators/,,,,,,,
0,"7ihmd1, 7ihcks, ",1,1,"AutoNewspaper, WAEXauto, ","AutoNewspaperAdmin, AutoNewsAdmin, ",http://www.washingtonexaminer.com/fox-news-amends-erroneous-story-claiming-roy-moore-accuser-forged-yearbook-signature/article/2642983,https://www.snopes.com/moore-accuser-yearbook/,,,,,,,
0,"7l2q2d, 7l2otf, ",2,0,"AutoNewspaper, WAEXauto, ","AutoNewspaperAdmin, AutoNewsAdmin, ",http://www.washingtonexaminer.com/rosie-odonnell-tried-to-bribe-gop-senators-to-vote-against-tax-bill/article/2644020,https://www.snopes.com/did-odonnell-offer-bribes-to-senators/,,,,,,,
0,"7m6363, 7m4a14, ",4,33,"ConspiracyFacts, conspiracy, ","PostNationalism, MarmadukeHammerhead, ",http://yournewswire.com/george-soros-christmas-heart-failure/,https://www.snopes.com/did-george-soros-suffer-a-massive-heart-attack-on-christmas-eve/,,,,,,,
0,"7knoh6, ",2,0,"BasedPoliticalNews, ","ezworldwide, ",https://freebird.is/t/antifa-puget-sound-anarchists-may-have-caused-amtrak-train-derailment/5910,https://www.snopes.com/antifa-pour-concrete-on-tracks-causing-an-amtrak-train-to-derail/,,,,,,,
0,"7kpewe, ",1,0,"BasedPoliticalNews, ","ezworldwide, ",https://freebird.is/t/did-antifa-terrorists-just-murder-6-americans-in-amtrak-derailment/5926,https://www.snopes.com/antifa-pour-concrete-on-tracks-causing-an-amtrak-train-to-derail/,,,,,,,
0,"7kpra6, ",3,0,"RightSideNews, ","RightSideNews, ",https://rightsidenews.com/did-antifa-terrorists-murder-6-americans-in-amtrak-derailment/,https://www.snopes.com/antifa-pour-concrete-on-tracks-causing-an-amtrak-train-to-derail/,,,,,,,
0,"7l6rn9, ",0,57,"politics, ","Minor_Complex, ",https://townhall.com/tipsheet/christinerousselle/2017/12/20/rosie-odonnell-offers-to-bribe-senators-possibly-commits-a-felony-n2424909,https://www.snopes.com/did-odonnell-offer-bribes-to-senators/,,,,,,,
0,"7l1vb3, ",2,0,"freeworldnews, ","johnknoefler, ",https://truepundit.com/before-tax-cut-vote-desperate-rosie-odonnell-takes-a-break-from-sheet-cake-to-offer-2-million-bribe-to-two-u-s-senators/,https://www.snopes.com/did-odonnell-offer-bribes-to-senators/,,,,,,,
0,"7iha53, ",0,3,"Libertarian, ","mirandajones12, ",https://www.conservativestories.com/2017/12/08/bombshell-roy-moore-accuser-beverly-nelson-admits-forged-yearbook/,https://www.snopes.com/moore-accuser-yearbook/,,,,,,,
0,"7l1bpd, 7l74kh, 7l3qin, 7l1v69, 7l22uy, 7l22kr, 7l1x58, 7l22ea, 7l3zg6, ",1048,317,"Conservative, Dumbasses, conservatives, WayOfTheBern, WorldNewsRevenge, ColinsLastStand, freeworldnews, AmericanPolitics, politics, ","kotov9syndrome, BudrickBundy, keypuncher, PurpleOryx, J0kerr, yanksb4life, johnknoefler, avengingturnip, keypuncher, ",https://www.dailywire.com/news/24896/rosie-odonnell-violates-federal-law-offers-bribe-ben-shapiro,https://www.snopes.com/did-odonnell-offer-bribes-to-senators/,,,,,,,
0,"7m2c47, 7io8yk, 7ij20w, ",7,52,"politics, thenewsrightnow, ChapoTrapHouse, ","jwjw19, personaontherun, MalReynolds1, ",https://www.nytimes.com/2017/12/08/us/alabama-moore-nelson-allred.html,https://www.snopes.com/moore-accuser-yearbook/,,,,,,,
0,"7lqdai, ",1,0,"LiarLiar, ","MonkeyPaw3, ",https://www.snopes.com/rosie-odonnell-arrested-bribery/,https://www.snopes.com/rosie-odonnell-arrested-bribery/,,,,,,,
0,"7s4yz5, 7s01ue, ",682,21,"The_Donald, The_Donald, ","SPQR191, TubbyNinja, ",http://mobile.wnd.com/2018/01/major-state-to-register-illegal-aliens-to-vote-automatically/,https://www.snopes.com/california-motor-voter-act/,,,,,,,
0,"7s02r7, 7s04u4, 7s02wz, 7s02f1, ",18,1,"The_Donald, NewsWhatever, TheNewsFeed, Right_Wing_Politics, ","dirtyharrison, dirtyharrison, thefeedbot, ultimaregem, ",http://www.breitbart.com/big-government/2018/01/21/white-house-voicemail-government-closed-because-democrats-holding-military-funding-hostage/,https://www.snopes.com/white-house-comment-line-trump/,,,,,,,
0,"7sc49o, 7s5l3t, 7s2a5m, 7s008j, 7s9mh9, 7s5i3t, 7s88xj, 7rzzpy, 7s7h9s, 7s0537, 7s0vnk, 7s6kcu, 7s2f2e, 7s146a, 7s0140, 7rzxkg, ",2659,145,"The_Donald, The_Donald, The_Donald, The_Donald, conservatives, new_right, TangoFoxtrot, The_Donald, Trump_Conservative, The_Donald, Conservative, worldpolitics, ConspiracyRight, freeworldnews, NoFilterNews, TheNewsFeed, ","asiatrails, MNJGA, goldentomatoes1, z89101, ThePoliticalHat, diversity_is_racism, TangoFoxtrot016, Trump306, [deleted], KTS1984, guanaco55, jogman308, wiseprogressivethink, johnknoefler, Laurelais-Hygeine, thefeedbot, ",http://www.wnd.com/2018/01/major-state-to-register-illegal-aliens-to-vote-automatically/,https://www.snopes.com/california-motor-voter-act/,,,,,,,
0,"7qfe7j, ",67,7,"The_Donald, ","Lack-of-Focus, ",https://voiceofeurope.com/2018/01/germany-is-brainwashing-children-to-become-muslim-since-more-than-a-decade/,https://www.snopes.com/german-soap-opera-muslim/,,,,,,,
0,"7qoawe, 7qeglp, 7qfesd, 7qegg6, ",403,23,"milliondollarextreme, The_Donald, The_Donald, AnythingGoesNews, ","Helifino, outrider567, Lack-of-Focus, outrider567, ",https://voiceofeurope.com/2018/01/mohammed-most-popular-name-for-newborn-boys-in-the-netherlands-for-second-year-in-a-row/,https://www.snopes.com/is-mohammed-popular-name-netherlands/,,,,,,,
0,"7rxpsp, 7rxpgi, ",375,42,"Military, USMC, ","AWOLLoudMouth, AWOLLoudMouth, ",https://www.duffelblog.com/2018/01/corps-top-leaders-warn-marines-stop-eating-tide-pods/,https://www.snopes.com/corps-leaders-warn-marines-tide-pods/,,,,,,,
0,"7s2pk3, ",1,0,"LiarLiar, ","MonkeyPaw3, ",https://www.snopes.com/schumer-500k-donation/,https://www.snopes.com/schumer-500k-donation/,,,,,,,
0,"7vmqbk, 7vmqfj, ",5,0,"Conservative, CoincidenceTheorist, ","Prime197, Prime197, ",http://50statereport.com/schiffs-hatred-for-americans-makes-sense-when-you-consider-his-sister-is-married-to-george-soros-son/,https://www.snopes.com/adam-schiffs-sister-was-married-to-george-soros-son/,,,,,,,
0,"7uo1gv, ",1,0,"SanFranCentrist, ","Timmy415, ",http://insider.foxnews.com/2018/01/31/luis-gutierrez-leaves-state-union-during-monuments-usa-chants-russia,https://www.snopes.com/luis-gutierrez-state-of-the-union/,,,,,,,
0,"418rf2, ",15,17,"Asthma, ","JennaBug6272, ",http://whatsyourdeal.com/grocery-coupons/recall-alert-do-you-or-someone-you-know-use-ventolin-then-you-must-read-this-please-share/,https://www.snopes.com/ventolin-safety-recall/,,,,,,,
0,"7tvz65, 7tvyuv, ",2,0,"TheNewsFeed, Right_Wing_Politics, ","thefeedbot, ultimaregem, ",http://www.breitbart.com/big-government/2018/01/29/ticket-typo-gives-guests-passage-to-the-state-of-the-uniom/,https://www.snopes.com/misspelled-tickets-trump-state-uniom/,,,,,,,
0,"7u43ig, 7u4382, ",2,0,"TheNewsFeed, Right_Wing_Politics, ","thefeedbot, ultimaregem, ",http://www.breitbart.com/big-hollywood/2018/01/30/glee-star-mark-salling-dies-at-35-awaiting-sentencing-on-child-porn-charges/,https://www.snopes.com/2018/01/30/former-glee-actor-mark-salling-dead-35/,,,,,,,
0,"7utdwu, 7utclq, ",2,0,"TheNewsFeed, Right_Wing_Politics, ","thefeedbot, ultimaregem, ",http://www.breitbart.com/national-security/2018/02/02/fidel-castros-eldest-son-suicide-months-raul-castro-step-down/,https://www.snopes.com/2018/02/01/cuba-state-media-fidel-castros-son-killed/,,,,,,,
0,"7u6jeu, 7u6ifz, ",2,0,"Right_Wing_Politics, TheNewsFeed, ","ultimaregem, thefeedbot, ",http://www.breitbart.com/tech/2018/01/30/united-airlines-denies-passengers-request-to-bring-emotional-support-peacock-on-flight/,https://www.snopes.com/united-airlines-emotional-support-peacock/,,,,,,,
0,"7k80u1, 7k7opm, 7k819m, 7k5zp1, 7k6quk, ",69,43,"ainbow, lgbt, LGBTnews, ChronicPain, Libertarian, ","DWarren_57, DWarren_57, DWarren_57, pa07950, urban__sombrero, ",http://www.chicagotribune.com/news/nationworld/politics/ct-cdc-forbidden-words-20171215-story.html,https://www.snopes.com/2017/12/15/trump-administration-bans-cdc-officials-using-certain-words/,,,,,,,
0,"7ull3d, ",12,4,"The_Donald, ","puppetmaster4, ",http://www.daysworld.org/2018/02/01/joe-kennedys-house-has-a-wall/,https://www.snopes.com/joe-kennedys-palm-beach-house-security-wall/,,,,,,,
0,"7u7187, ",1,0,"TheBlogFeed, ","thefeedbot, ",http://www.thegatewaypundit.com/2018/01/disgraceful-amnesty-loving-democrat-luis-gutierrez-walks-sotu-address-amid-usa-chant-video/,https://www.snopes.com/luis-gutierrez-state-of-the-union/,,,,,,,
0,"7uay7w, 7ufhbm, 7u7lm8, 7u7enw, 7u9xsu, ",42,47,"The_Donald, ColinsLastStand, AutoNewspaper, WAEXauto, politics, ","thecricketsareloudin, yanksb4life, AutoNewspaperAdmin, AutoNewsAdmin, nick40vmi, ",http://www.washingtonexaminer.com/rep-luis-gutierrez-walks-out-of-trumps-state-of-the-union-as-progressives-write-off-bipartisanship-permanently/article/2647638,https://www.snopes.com/luis-gutierrez-state-of-the-union/,,,,,,,
0,"63qydv, ",7,0,"respiratorytherapy, ","ivan927, ",https://community.aafa.org/blog/glaxosmithkline-recalls-ventolin-hfa-albuterol-sulfate-inhalers,https://www.snopes.com/ventolin-safety-recall/,,,,,,,
0,"7trsx6, ",5,1,"Conservative, ","kotov9syndrome, ",https://www.dailywire.com/news/26449/ca-teacher-rips-us-military-members-theyre-dumbss-hank-berrien,https://www.snopes.com/california-teacher-military-members/,,,,,,,
0,"81dyq8, 81buze, ",100,0,"The_Donald, Conservative, ","BakeRatNoDak, chabanais, ",http://babylonbee.com/news/cnn-purchases-industrial-sized-washing-machine-spin-news-publication/,https://www.snopes.com/cnn-washing-machine/,,,,,,,
0,"81rbzo, ",1,0,"IWB, ","jamesbond1211, ",http://investmentwatchblog.com/college-dropout-refuses-to-leave-her-nyc-dorm-room/,https://www.snopes.com/2018/03/03/college-sues-former-student-wont-leave-dorm-room/,,,,,,,
0,"75l8uj, ",6,8,"EnoughTrumpSpam, ","SimpleSamples, ",http://www.burrardstreetjournal.com/trump-mocks-trudeau-celebrating-thanksgiving-6-weeks-early/,https://www.snopes.com/trump-mocks-trudeau-celebrating-thanksgiving-six-weeks-early/,,,,,,,
